shap_sample_position,original_test_index,document_id,selection_type,actual_index,actual_label,predicted_index,predicted_label,is_correct,prediction_confidence,probability_bola,probability_global,probability_money,probability_tekno,number_of_semantic_tokens,figure_path
38,225,KMP-02646,correct_high_confidence,0,bola,0,bola,True,0.9999912977218628,0.9999912977218628,1.6540468550374499e-06,6.978523742873222e-06,4.5415578853180705e-08,20,C:\TA_KLASIFIKASI_DOKUMEN_BERITA\9_results\figures\shap\local\KMP-02646_correct_high_confidence_actual_bola_pred_bola.png
30,325,KMP-03632,correct_high_confidence,1,global,1,global,True,0.9995477795600891,1.3137545465724543e-05,0.9995477795600891,0.0003313235938549042,0.00010774363909149542,20,C:\TA_KLASIFIKASI_DOKUMEN_BERITA\9_results\figures\shap\local\KMP-03632_correct_high_confidence_actual_global_pred_global.png
31,211,KMP-02488,correct_high_confidence,2,money,2,money,True,0.9997101426124573,0.0001710942597128451,6.150834815343842e-05,0.9997101426124573,5.713390055461787e-05,23,C:\TA_KLASIFIKASI_DOKUMEN_BERITA\9_results\figures\shap\local\KMP-02488_correct_high_confidence_actual_money_pred_money.png
55,416,KMP-04377,correct_high_confidence,3,tekno,3,tekno,True,0.9999967813491821,2.9768379428141145e-10,1.7046827451849822e-06,1.5883678088357556e-06,0.9999967813491821,18,C:\TA_KLASIFIKASI_DOKUMEN_BERITA\9_results\figures\shap\local\KMP-04377_correct_high_confidence_actual_tekno_pred_tekno.png
29,806,KMP-08215,incorrect_high_confidence,0,bola,2,money,False,0.6373116374015808,0.1516311764717102,0.17219755053520203,0.6373116374015808,0.03885966166853905,23,C:\TA_KLASIFIKASI_DOKUMEN_BERITA\9_results\figures\shap\local\KMP-08215_incorrect_high_confidence_actual_bola_pred_money.png
46,344,KMP-03770,incorrect_high_confidence,1,global,2,money,False,0.8992995619773865,0.08334802836179733,0.013059872202575207,0.8992995619773865,0.004292507190257311,19,C:\TA_KLASIFIKASI_DOKUMEN_BERITA\9_results\figures\shap\local\KMP-03770_incorrect_high_confidence_actual_global_pred_money.png
71,141,KMP-01719,incorrect_high_confidence,2,money,1,global,False,0.9200302958488464,0.00024992655380629003,0.9200302958488464,0.0788719430565834,0.0008478168747387826,22,C:\TA_KLASIFIKASI_DOKUMEN_BERITA\9_results\figures\shap\local\KMP-01719_incorrect_high_confidence_actual_money_pred_global.png
21,523,KMP-05530,incorrect_high_confidence,3,tekno,1,global,False,0.35531559586524963,0.08360660076141357,0.35531559586524963,0.26748204231262207,0.2935957908630371,25,C:\TA_KLASIFIKASI_DOKUMEN_BERITA\9_results\figures\shap\local\KMP-05530_incorrect_high_confidence_actual_tekno_pred_global.png
